start	end	CRUD_Test		path0
r0 := @this: org.apache.catalina.manager.ManagerServlet	r1 := @parameter0: java.io.PrintWriter	0	1
r1 := @parameter0: java.io.PrintWriter	r2 := @parameter1: org.apache.catalina.util.ContextName	0	1
r2 := @parameter1: org.apache.catalina.util.ContextName	r3 := @parameter2: org.apache.tomcat.util.res.StringManager	0	1
r3 := @parameter2: org.apache.tomcat.util.res.StringManager	$i0 = r0.<org.apache.catalina.manager.ManagerServlet: int debug>	0	1
$i0 = r0.<org.apache.catalina.manager.ManagerServlet: int debug>	if $i0 < 1 goto $z0 = staticinvoke <org.apache.catalina.manager.ManagerServlet: boolean validateContextName(org.apache.catalina.util.ContextName,java.io.PrintWriter,org.apache.tomcat.util.res.StringManager)>(r2, r1, r3)	1	1
if $i0 < 1 goto $z0 = staticinvoke <org.apache.catalina.manager.ManagerServlet: boolean validateContextName(org.apache.catalina.util.ContextName,java.io.PrintWriter,org.apache.tomcat.util.res.StringManager)>(r2, r1, r3)	$r6 = new java.lang.StringBuilder	0	0
if $i0 < 1 goto $z0 = staticinvoke <org.apache.catalina.manager.ManagerServlet: boolean validateContextName(org.apache.catalina.util.ContextName,java.io.PrintWriter,org.apache.tomcat.util.res.StringManager)>(r2, r1, r3)	$z0 = staticinvoke <org.apache.catalina.manager.ManagerServlet: boolean validateContextName(org.apache.catalina.util.ContextName,java.io.PrintWriter,org.apache.tomcat.util.res.StringManager)>(r2, r1, r3)	0	1
$r6 = new java.lang.StringBuilder	specialinvoke $r6.<java.lang.StringBuilder: void <init>(java.lang.String)>("start: Starting web application \'")	1	1
specialinvoke $r6.<java.lang.StringBuilder: void <init>(java.lang.String)>("start: Starting web application \'")	$r7 = virtualinvoke $r6.<java.lang.StringBuilder: java.lang.StringBuilder append(java.lang.Object)>(r2)	0	1
$r7 = virtualinvoke $r6.<java.lang.StringBuilder: java.lang.StringBuilder append(java.lang.Object)>(r2)	$r8 = virtualinvoke $r7.<java.lang.StringBuilder: java.lang.StringBuilder append(java.lang.String)>("\'")	1	1
$r8 = virtualinvoke $r7.<java.lang.StringBuilder: java.lang.StringBuilder append(java.lang.String)>("\'")	$r9 = virtualinvoke $r8.<java.lang.StringBuilder: java.lang.String toString()>()	1	1
$r9 = virtualinvoke $r8.<java.lang.StringBuilder: java.lang.String toString()>()	virtualinvoke r0.<org.apache.catalina.manager.ManagerServlet: void log(java.lang.String)>($r9)	1	1
virtualinvoke r0.<org.apache.catalina.manager.ManagerServlet: void log(java.lang.String)>($r9)	$z0 = staticinvoke <org.apache.catalina.manager.ManagerServlet: boolean validateContextName(org.apache.catalina.util.ContextName,java.io.PrintWriter,org.apache.tomcat.util.res.StringManager)>(r2, r1, r3)	0	1
$z0 = staticinvoke <org.apache.catalina.manager.ManagerServlet: boolean validateContextName(org.apache.catalina.util.ContextName,java.io.PrintWriter,org.apache.tomcat.util.res.StringManager)>(r2, r1, r3)	if $z0 != 0 goto r4 = virtualinvoke r2.<org.apache.catalina.util.ContextName: java.lang.String getDisplayName()>()	1	11
if $z0 != 0 goto r4 = virtualinvoke r2.<org.apache.catalina.util.ContextName: java.lang.String getDisplayName()>()	return	0	0
if $z0 != 0 goto r4 = virtualinvoke r2.<org.apache.catalina.util.ContextName: java.lang.String getDisplayName()>()	r4 = virtualinvoke r2.<org.apache.catalina.util.ContextName: java.lang.String getDisplayName()>()	0	11
r4 = virtualinvoke r2.<org.apache.catalina.util.ContextName: java.lang.String getDisplayName()>()	$r10 = r0.<org.apache.catalina.manager.ManagerServlet: org.apache.catalina.Host host>	1	1
r4 = virtualinvoke r2.<org.apache.catalina.util.ContextName: java.lang.String getDisplayName()>()	$r21 := @caughtexception	1	1
$r10 = r0.<org.apache.catalina.manager.ManagerServlet: org.apache.catalina.Host host>	$r11 = virtualinvoke r2.<org.apache.catalina.util.ContextName: java.lang.String getName()>()	1	11
$r10 = r0.<org.apache.catalina.manager.ManagerServlet: org.apache.catalina.Host host>	$r21 := @caughtexception	1	0
$r11 = virtualinvoke r2.<org.apache.catalina.util.ContextName: java.lang.String getName()>()	$r12 = interfaceinvoke $r10.<org.apache.catalina.Host: org.apache.catalina.Container findChild(java.lang.String)>($r11)	1	11
$r11 = virtualinvoke r2.<org.apache.catalina.util.ContextName: java.lang.String getName()>()	$r21 := @caughtexception	1	0
$r12 = interfaceinvoke $r10.<org.apache.catalina.Host: org.apache.catalina.Container findChild(java.lang.String)>($r11)	r5 = (org.apache.catalina.Context) $r12	1	11
$r12 = interfaceinvoke $r10.<org.apache.catalina.Host: org.apache.catalina.Container findChild(java.lang.String)>($r11)	$r21 := @caughtexception	1	0
r5 = (org.apache.catalina.Context) $r12	if r5 != null goto interfaceinvoke r5.<org.apache.catalina.Context: void start()>()	1	11
r5 = (org.apache.catalina.Context) $r12	$r21 := @caughtexception	1	0
if r5 != null goto interfaceinvoke r5.<org.apache.catalina.Context: void start()>()	$r13 = newarray (java.lang.Object)[1]	0	1
if r5 != null goto interfaceinvoke r5.<org.apache.catalina.Context: void start()>()	interfaceinvoke r5.<org.apache.catalina.Context: void start()>()	0	1
if r5 != null goto interfaceinvoke r5.<org.apache.catalina.Context: void start()>()	$r21 := @caughtexception	0	0
$r13 = newarray (java.lang.Object)[1]	$r14 = staticinvoke <org.apache.catalina.util.RequestUtil: java.lang.String filter(java.lang.String)>(r4)	1	11
$r13 = newarray (java.lang.Object)[1]	$r21 := @caughtexception	1	0
$r14 = staticinvoke <org.apache.catalina.util.RequestUtil: java.lang.String filter(java.lang.String)>(r4)	$r13[0] = $r14	1	11
$r14 = staticinvoke <org.apache.catalina.util.RequestUtil: java.lang.String filter(java.lang.String)>(r4)	$r21 := @caughtexception	1	0
$r13[0] = $r14	$r15 = virtualinvoke r3.<org.apache.tomcat.util.res.StringManager: java.lang.String getString(java.lang.String,java.lang.Object[])>("managerServlet.noContext", $r13)	1	11
$r13[0] = $r14	$r21 := @caughtexception	1	0
$r15 = virtualinvoke r3.<org.apache.tomcat.util.res.StringManager: java.lang.String getString(java.lang.String,java.lang.Object[])>("managerServlet.noContext", $r13)	virtualinvoke r1.<java.io.PrintWriter: void println(java.lang.String)>($r15)	1	11
$r15 = virtualinvoke r3.<org.apache.tomcat.util.res.StringManager: java.lang.String getString(java.lang.String,java.lang.Object[])>("managerServlet.noContext", $r13)	$r21 := @caughtexception	1	0
virtualinvoke r1.<java.io.PrintWriter: void println(java.lang.String)>($r15)	return	0	1
virtualinvoke r1.<java.io.PrintWriter: void println(java.lang.String)>($r15)	$r21 := @caughtexception	0	0
interfaceinvoke r5.<org.apache.catalina.Context: void start()>()	$r16 = interfaceinvoke r5.<org.apache.catalina.Context: org.apache.catalina.LifecycleState getState()>()	0	11
interfaceinvoke r5.<org.apache.catalina.Context: void start()>()	$r21 := @caughtexception	0	0
$r16 = interfaceinvoke r5.<org.apache.catalina.Context: org.apache.catalina.LifecycleState getState()>()	$z1 = virtualinvoke $r16.<org.apache.catalina.LifecycleState: boolean isAvailable()>()	1	11
$r16 = interfaceinvoke r5.<org.apache.catalina.Context: org.apache.catalina.LifecycleState getState()>()	$r21 := @caughtexception	1	0
$z1 = virtualinvoke $r16.<org.apache.catalina.LifecycleState: boolean isAvailable()>()	if $z1 == 0 goto $r19 = newarray (java.lang.Object)[1]	1	11
$z1 = virtualinvoke $r16.<org.apache.catalina.LifecycleState: boolean isAvailable()>()	$r21 := @caughtexception	1	0
if $z1 == 0 goto $r19 = newarray (java.lang.Object)[1]	$r17 = newarray (java.lang.Object)[1]	0	1
if $z1 == 0 goto $r19 = newarray (java.lang.Object)[1]	$r19 = newarray (java.lang.Object)[1]	0	1
if $z1 == 0 goto $r19 = newarray (java.lang.Object)[1]	$r21 := @caughtexception	0	0
$r17 = newarray (java.lang.Object)[1]	$r17[0] = r4	1	11
$r17 = newarray (java.lang.Object)[1]	$r21 := @caughtexception	1	0
$r17[0] = r4	$r18 = virtualinvoke r3.<org.apache.tomcat.util.res.StringManager: java.lang.String getString(java.lang.String,java.lang.Object[])>("managerServlet.started", $r17)	1	11
$r17[0] = r4	$r21 := @caughtexception	1	0
$r18 = virtualinvoke r3.<org.apache.tomcat.util.res.StringManager: java.lang.String getString(java.lang.String,java.lang.Object[])>("managerServlet.started", $r17)	virtualinvoke r1.<java.io.PrintWriter: void println(java.lang.String)>($r18)	1	11
$r18 = virtualinvoke r3.<org.apache.tomcat.util.res.StringManager: java.lang.String getString(java.lang.String,java.lang.Object[])>("managerServlet.started", $r17)	$r21 := @caughtexception	1	0
virtualinvoke r1.<java.io.PrintWriter: void println(java.lang.String)>($r18)	goto [?= return]	0	1
virtualinvoke r1.<java.io.PrintWriter: void println(java.lang.String)>($r18)	$r21 := @caughtexception	0	0
goto [?= return]	return	0	111
goto [?= return]	$r21 := @caughtexception	0	0
$r19 = newarray (java.lang.Object)[1]	$r19[0] = r4	1	11
$r19 = newarray (java.lang.Object)[1]	$r21 := @caughtexception	1	0
$r19[0] = r4	$r20 = virtualinvoke r3.<org.apache.tomcat.util.res.StringManager: java.lang.String getString(java.lang.String,java.lang.Object[])>("managerServlet.startFailed", $r19)	1	11
$r19[0] = r4	$r21 := @caughtexception	1	0
$r20 = virtualinvoke r3.<org.apache.tomcat.util.res.StringManager: java.lang.String getString(java.lang.String,java.lang.Object[])>("managerServlet.startFailed", $r19)	virtualinvoke r1.<java.io.PrintWriter: void println(java.lang.String)>($r20)	1	11
$r20 = virtualinvoke r3.<org.apache.tomcat.util.res.StringManager: java.lang.String getString(java.lang.String,java.lang.Object[])>("managerServlet.startFailed", $r19)	$r21 := @caughtexception	1	0
virtualinvoke r1.<java.io.PrintWriter: void println(java.lang.String)>($r20)	goto [?= return]	0	11
virtualinvoke r1.<java.io.PrintWriter: void println(java.lang.String)>($r20)	$r21 := @caughtexception	0	0
goto [?= return]	return	0	111
$r21 := @caughtexception	r22 = $r21	0	111111111111111111111111111111111111111111111111
r22 = $r21	staticinvoke <org.apache.tomcat.util.ExceptionUtils: void handleThrowable(java.lang.Throwable)>(r22)	1	111111111111111111111111111111111111111111111111
staticinvoke <org.apache.tomcat.util.ExceptionUtils: void handleThrowable(java.lang.Throwable)>(r22)	$r23 = virtualinvoke r0.<org.apache.catalina.manager.ManagerServlet: javax.servlet.ServletContext getServletContext()>()	0	111111111111111111111111111111111111111111111111
$r23 = virtualinvoke r0.<org.apache.catalina.manager.ManagerServlet: javax.servlet.ServletContext getServletContext()>()	$r24 = <org.apache.catalina.manager.ManagerServlet: org.apache.tomcat.util.res.StringManager sm>	1	111111111111111111111111111111111111111111111111
$r24 = <org.apache.catalina.manager.ManagerServlet: org.apache.tomcat.util.res.StringManager sm>	$r25 = newarray (java.lang.Object)[1]	0	111111111111111111111111111111111111111111111111
$r25 = newarray (java.lang.Object)[1]	$r25[0] = r4	1	111111111111111111111111111111111111111111111111
$r25[0] = r4	$r26 = virtualinvoke $r24.<org.apache.tomcat.util.res.StringManager: java.lang.String getString(java.lang.String,java.lang.Object[])>("managerServlet.startFailed", $r25)	1	111111111111111111111111111111111111111111111111
$r26 = virtualinvoke $r24.<org.apache.tomcat.util.res.StringManager: java.lang.String getString(java.lang.String,java.lang.Object[])>("managerServlet.startFailed", $r25)	interfaceinvoke $r23.<javax.servlet.ServletContext: void log(java.lang.String,java.lang.Throwable)>($r26, r22)	1	111111111111111111111111111111111111111111111111
interfaceinvoke $r23.<javax.servlet.ServletContext: void log(java.lang.String,java.lang.Throwable)>($r26, r22)	$r27 = newarray (java.lang.Object)[1]	0	111111111111111111111111111111111111111111111111
$r27 = newarray (java.lang.Object)[1]	$r27[0] = r4	1	111111111111111111111111111111111111111111111111
$r27[0] = r4	$r28 = virtualinvoke r3.<org.apache.tomcat.util.res.StringManager: java.lang.String getString(java.lang.String,java.lang.Object[])>("managerServlet.startFailed", $r27)	1	111111111111111111111111111111111111111111111111
$r28 = virtualinvoke r3.<org.apache.tomcat.util.res.StringManager: java.lang.String getString(java.lang.String,java.lang.Object[])>("managerServlet.startFailed", $r27)	virtualinvoke r1.<java.io.PrintWriter: void println(java.lang.String)>($r28)	1	111111111111111111111111111111111111111111111111
virtualinvoke r1.<java.io.PrintWriter: void println(java.lang.String)>($r28)	$r29 = newarray (java.lang.Object)[1]	0	111111111111111111111111111111111111111111111111
$r29 = newarray (java.lang.Object)[1]	$r30 = virtualinvoke r22.<java.lang.Throwable: java.lang.String toString()>()	1	111111111111111111111111111111111111111111111111
$r30 = virtualinvoke r22.<java.lang.Throwable: java.lang.String toString()>()	$r29[0] = $r30	1	111111111111111111111111111111111111111111111111
$r29[0] = $r30	$r31 = virtualinvoke r3.<org.apache.tomcat.util.res.StringManager: java.lang.String getString(java.lang.String,java.lang.Object[])>("managerServlet.exception", $r29)	1	111111111111111111111111111111111111111111111111
$r31 = virtualinvoke r3.<org.apache.tomcat.util.res.StringManager: java.lang.String getString(java.lang.String,java.lang.Object[])>("managerServlet.exception", $r29)	virtualinvoke r1.<java.io.PrintWriter: void println(java.lang.String)>($r31)	1	111111111111111111111111111111111111111111111111
virtualinvoke r1.<java.io.PrintWriter: void println(java.lang.String)>($r31)	return	0	111111111111111111111111111111111111111111111111
