start	end	CRUD_Test
r0 := @this: org.apache.catalina.manager.ManagerServlet	r1 := @parameter0: java.io.PrintWriter	0
r1 := @parameter0: java.io.PrintWriter	r2 := @parameter1: org.apache.catalina.util.ContextName	0
r2 := @parameter1: org.apache.catalina.util.ContextName	r3 := @parameter2: org.apache.tomcat.util.res.StringManager	0
r3 := @parameter2: org.apache.tomcat.util.res.StringManager	$i0 = r0.<org.apache.catalina.manager.ManagerServlet: int debug>	0
$i0 = r0.<org.apache.catalina.manager.ManagerServlet: int debug>	if $i0 < 1 goto $z0 = staticinvoke <org.apache.catalina.manager.ManagerServlet: boolean validateContextName(org.apache.catalina.util.ContextName,java.io.PrintWriter,org.apache.tomcat.util.res.StringManager)>(r2, r1, r3)	1
if $i0 < 1 goto $z0 = staticinvoke <org.apache.catalina.manager.ManagerServlet: boolean validateContextName(org.apache.catalina.util.ContextName,java.io.PrintWriter,org.apache.tomcat.util.res.StringManager)>(r2, r1, r3)	$r12 = new java.lang.StringBuilder	0
if $i0 < 1 goto $z0 = staticinvoke <org.apache.catalina.manager.ManagerServlet: boolean validateContextName(org.apache.catalina.util.ContextName,java.io.PrintWriter,org.apache.tomcat.util.res.StringManager)>(r2, r1, r3)	$z0 = staticinvoke <org.apache.catalina.manager.ManagerServlet: boolean validateContextName(org.apache.catalina.util.ContextName,java.io.PrintWriter,org.apache.tomcat.util.res.StringManager)>(r2, r1, r3)	0
$r12 = new java.lang.StringBuilder	specialinvoke $r12.<java.lang.StringBuilder: void <init>(java.lang.String)>("undeploy: Undeploying web application at \'")	1
specialinvoke $r12.<java.lang.StringBuilder: void <init>(java.lang.String)>("undeploy: Undeploying web application at \'")	$r13 = virtualinvoke $r12.<java.lang.StringBuilder: java.lang.StringBuilder append(java.lang.Object)>(r2)	0
$r13 = virtualinvoke $r12.<java.lang.StringBuilder: java.lang.StringBuilder append(java.lang.Object)>(r2)	$r14 = virtualinvoke $r13.<java.lang.StringBuilder: java.lang.StringBuilder append(java.lang.String)>("\'")	1
$r14 = virtualinvoke $r13.<java.lang.StringBuilder: java.lang.StringBuilder append(java.lang.String)>("\'")	$r15 = virtualinvoke $r14.<java.lang.StringBuilder: java.lang.String toString()>()	1
$r15 = virtualinvoke $r14.<java.lang.StringBuilder: java.lang.String toString()>()	virtualinvoke r0.<org.apache.catalina.manager.ManagerServlet: void log(java.lang.String)>($r15)	1
virtualinvoke r0.<org.apache.catalina.manager.ManagerServlet: void log(java.lang.String)>($r15)	$z0 = staticinvoke <org.apache.catalina.manager.ManagerServlet: boolean validateContextName(org.apache.catalina.util.ContextName,java.io.PrintWriter,org.apache.tomcat.util.res.StringManager)>(r2, r1, r3)	0
$z0 = staticinvoke <org.apache.catalina.manager.ManagerServlet: boolean validateContextName(org.apache.catalina.util.ContextName,java.io.PrintWriter,org.apache.tomcat.util.res.StringManager)>(r2, r1, r3)	if $z0 != 0 goto r4 = virtualinvoke r2.<org.apache.catalina.util.ContextName: java.lang.String getName()>()	1
if $z0 != 0 goto r4 = virtualinvoke r2.<org.apache.catalina.util.ContextName: java.lang.String getName()>()	return	0
if $z0 != 0 goto r4 = virtualinvoke r2.<org.apache.catalina.util.ContextName: java.lang.String getName()>()	r4 = virtualinvoke r2.<org.apache.catalina.util.ContextName: java.lang.String getName()>()	0
r4 = virtualinvoke r2.<org.apache.catalina.util.ContextName: java.lang.String getName()>()	r5 = virtualinvoke r2.<org.apache.catalina.util.ContextName: java.lang.String getBaseName()>()	1
r5 = virtualinvoke r2.<org.apache.catalina.util.ContextName: java.lang.String getBaseName()>()	r6 = virtualinvoke r2.<org.apache.catalina.util.ContextName: java.lang.String getDisplayName()>()	1
r6 = virtualinvoke r2.<org.apache.catalina.util.ContextName: java.lang.String getDisplayName()>()	$r16 = r0.<org.apache.catalina.manager.ManagerServlet: org.apache.catalina.Host host>	1
r6 = virtualinvoke r2.<org.apache.catalina.util.ContextName: java.lang.String getDisplayName()>()	$r51 := @caughtexception	1
$r16 = r0.<org.apache.catalina.manager.ManagerServlet: org.apache.catalina.Host host>	$r17 = interfaceinvoke $r16.<org.apache.catalina.Host: org.apache.catalina.Container findChild(java.lang.String)>(r4)	1
$r16 = r0.<org.apache.catalina.manager.ManagerServlet: org.apache.catalina.Host host>	$r51 := @caughtexception	1
$r17 = interfaceinvoke $r16.<org.apache.catalina.Host: org.apache.catalina.Container findChild(java.lang.String)>(r4)	r7 = (org.apache.catalina.Context) $r17	1
$r17 = interfaceinvoke $r16.<org.apache.catalina.Host: org.apache.catalina.Container findChild(java.lang.String)>(r4)	$r51 := @caughtexception	1
r7 = (org.apache.catalina.Context) $r17	if r7 != null goto $z1 = virtualinvoke r0.<org.apache.catalina.manager.ManagerServlet: boolean isDeployed(java.lang.String)>(r4)	1
r7 = (org.apache.catalina.Context) $r17	$r51 := @caughtexception	1
if r7 != null goto $z1 = virtualinvoke r0.<org.apache.catalina.manager.ManagerServlet: boolean isDeployed(java.lang.String)>(r4)	$r18 = newarray (java.lang.Object)[1]	0
if r7 != null goto $z1 = virtualinvoke r0.<org.apache.catalina.manager.ManagerServlet: boolean isDeployed(java.lang.String)>(r4)	$z1 = virtualinvoke r0.<org.apache.catalina.manager.ManagerServlet: boolean isDeployed(java.lang.String)>(r4)	0
if r7 != null goto $z1 = virtualinvoke r0.<org.apache.catalina.manager.ManagerServlet: boolean isDeployed(java.lang.String)>(r4)	$r51 := @caughtexception	0
$r18 = newarray (java.lang.Object)[1]	$r19 = staticinvoke <org.apache.catalina.util.RequestUtil: java.lang.String filter(java.lang.String)>(r6)	1
$r18 = newarray (java.lang.Object)[1]	$r51 := @caughtexception	1
$r19 = staticinvoke <org.apache.catalina.util.RequestUtil: java.lang.String filter(java.lang.String)>(r6)	$r18[0] = $r19	1
$r19 = staticinvoke <org.apache.catalina.util.RequestUtil: java.lang.String filter(java.lang.String)>(r6)	$r51 := @caughtexception	1
$r18[0] = $r19	$r20 = virtualinvoke r3.<org.apache.tomcat.util.res.StringManager: java.lang.String getString(java.lang.String,java.lang.Object[])>("managerServlet.noContext", $r18)	1
$r18[0] = $r19	$r51 := @caughtexception	1
$r20 = virtualinvoke r3.<org.apache.tomcat.util.res.StringManager: java.lang.String getString(java.lang.String,java.lang.Object[])>("managerServlet.noContext", $r18)	virtualinvoke r1.<java.io.PrintWriter: void println(java.lang.String)>($r20)	1
$r20 = virtualinvoke r3.<org.apache.tomcat.util.res.StringManager: java.lang.String getString(java.lang.String,java.lang.Object[])>("managerServlet.noContext", $r18)	$r51 := @caughtexception	1
virtualinvoke r1.<java.io.PrintWriter: void println(java.lang.String)>($r20)	return	0
virtualinvoke r1.<java.io.PrintWriter: void println(java.lang.String)>($r20)	$r51 := @caughtexception	0
$z1 = virtualinvoke r0.<org.apache.catalina.manager.ManagerServlet: boolean isDeployed(java.lang.String)>(r4)	if $z1 != 0 goto $z2 = virtualinvoke r0.<org.apache.catalina.manager.ManagerServlet: boolean isServiced(java.lang.String)>(r4)	1
$z1 = virtualinvoke r0.<org.apache.catalina.manager.ManagerServlet: boolean isDeployed(java.lang.String)>(r4)	$r51 := @caughtexception	1
if $z1 != 0 goto $z2 = virtualinvoke r0.<org.apache.catalina.manager.ManagerServlet: boolean isServiced(java.lang.String)>(r4)	$r21 = newarray (java.lang.Object)[1]	0
if $z1 != 0 goto $z2 = virtualinvoke r0.<org.apache.catalina.manager.ManagerServlet: boolean isServiced(java.lang.String)>(r4)	$z2 = virtualinvoke r0.<org.apache.catalina.manager.ManagerServlet: boolean isServiced(java.lang.String)>(r4)	0
if $z1 != 0 goto $z2 = virtualinvoke r0.<org.apache.catalina.manager.ManagerServlet: boolean isServiced(java.lang.String)>(r4)	$r51 := @caughtexception	0
$r21 = newarray (java.lang.Object)[1]	$r22 = staticinvoke <org.apache.catalina.util.RequestUtil: java.lang.String filter(java.lang.String)>(r6)	1
$r21 = newarray (java.lang.Object)[1]	$r51 := @caughtexception	1
$r22 = staticinvoke <org.apache.catalina.util.RequestUtil: java.lang.String filter(java.lang.String)>(r6)	$r21[0] = $r22	1
$r22 = staticinvoke <org.apache.catalina.util.RequestUtil: java.lang.String filter(java.lang.String)>(r6)	$r51 := @caughtexception	1
$r21[0] = $r22	$r23 = virtualinvoke r3.<org.apache.tomcat.util.res.StringManager: java.lang.String getString(java.lang.String,java.lang.Object[])>("managerServlet.notDeployed", $r21)	1
$r21[0] = $r22	$r51 := @caughtexception	1
$r23 = virtualinvoke r3.<org.apache.tomcat.util.res.StringManager: java.lang.String getString(java.lang.String,java.lang.Object[])>("managerServlet.notDeployed", $r21)	virtualinvoke r1.<java.io.PrintWriter: void println(java.lang.String)>($r23)	1
$r23 = virtualinvoke r3.<org.apache.tomcat.util.res.StringManager: java.lang.String getString(java.lang.String,java.lang.Object[])>("managerServlet.notDeployed", $r21)	$r51 := @caughtexception	1
virtualinvoke r1.<java.io.PrintWriter: void println(java.lang.String)>($r23)	return	0
virtualinvoke r1.<java.io.PrintWriter: void println(java.lang.String)>($r23)	$r51 := @caughtexception	0
$z2 = virtualinvoke r0.<org.apache.catalina.manager.ManagerServlet: boolean isServiced(java.lang.String)>(r4)	if $z2 == 0 goto virtualinvoke r0.<org.apache.catalina.manager.ManagerServlet: void addServiced(java.lang.String)>(r4)	1
$z2 = virtualinvoke r0.<org.apache.catalina.manager.ManagerServlet: boolean isServiced(java.lang.String)>(r4)	$r51 := @caughtexception	1
if $z2 == 0 goto virtualinvoke r0.<org.apache.catalina.manager.ManagerServlet: void addServiced(java.lang.String)>(r4)	$r24 = newarray (java.lang.Object)[1]	0
if $z2 == 0 goto virtualinvoke r0.<org.apache.catalina.manager.ManagerServlet: void addServiced(java.lang.String)>(r4)	virtualinvoke r0.<org.apache.catalina.manager.ManagerServlet: void addServiced(java.lang.String)>(r4)	0
if $z2 == 0 goto virtualinvoke r0.<org.apache.catalina.manager.ManagerServlet: void addServiced(java.lang.String)>(r4)	$r51 := @caughtexception	0
$r24 = newarray (java.lang.Object)[1]	$r24[0] = r6	1
$r24 = newarray (java.lang.Object)[1]	$r51 := @caughtexception	1
$r24[0] = r6	$r25 = virtualinvoke r3.<org.apache.tomcat.util.res.StringManager: java.lang.String getString(java.lang.String,java.lang.Object[])>("managerServlet.inService", $r24)	1
$r24[0] = r6	$r51 := @caughtexception	1
$r25 = virtualinvoke r3.<org.apache.tomcat.util.res.StringManager: java.lang.String getString(java.lang.String,java.lang.Object[])>("managerServlet.inService", $r24)	virtualinvoke r1.<java.io.PrintWriter: void println(java.lang.String)>($r25)	1
$r25 = virtualinvoke r3.<org.apache.tomcat.util.res.StringManager: java.lang.String getString(java.lang.String,java.lang.Object[])>("managerServlet.inService", $r24)	$r51 := @caughtexception	1
virtualinvoke r1.<java.io.PrintWriter: void println(java.lang.String)>($r25)	goto [?= $r49 = newarray (java.lang.Object)[1]]	0
virtualinvoke r1.<java.io.PrintWriter: void println(java.lang.String)>($r25)	$r51 := @caughtexception	0
goto [?= $r49 = newarray (java.lang.Object)[1]]	$r49 = newarray (java.lang.Object)[1]	0
goto [?= $r49 = newarray (java.lang.Object)[1]]	$r51 := @caughtexception	0
virtualinvoke r0.<org.apache.catalina.manager.ManagerServlet: void addServiced(java.lang.String)>(r4)	$r26 := @caughtexception	0
virtualinvoke r0.<org.apache.catalina.manager.ManagerServlet: void addServiced(java.lang.String)>(r4)	$r51 := @caughtexception	0
virtualinvoke r0.<org.apache.catalina.manager.ManagerServlet: void addServiced(java.lang.String)>(r4)	interfaceinvoke r7.<org.apache.catalina.Context: void stop()>()	0
interfaceinvoke r7.<org.apache.catalina.Context: void stop()>()	$r26 := @caughtexception	0
interfaceinvoke r7.<org.apache.catalina.Context: void stop()>()	$r51 := @caughtexception	0
interfaceinvoke r7.<org.apache.catalina.Context: void stop()>()	goto [?= $r27 = new java.io.File]	0
goto [?= $r27 = new java.io.File]	$r48 := @caughtexception	0
goto [?= $r27 = new java.io.File]	$r51 := @caughtexception	0
goto [?= $r27 = new java.io.File]	$r27 = new java.io.File	0
$r26 := @caughtexception	r8 = $r26	0
$r26 := @caughtexception	$r51 := @caughtexception	0
r8 = $r26	staticinvoke <org.apache.tomcat.util.ExceptionUtils: void handleThrowable(java.lang.Throwable)>(r8)	1
r8 = $r26	$r51 := @caughtexception	1
staticinvoke <org.apache.tomcat.util.ExceptionUtils: void handleThrowable(java.lang.Throwable)>(r8)	$r51 := @caughtexception	0
staticinvoke <org.apache.tomcat.util.ExceptionUtils: void handleThrowable(java.lang.Throwable)>(r8)	$r48 := @caughtexception	0
staticinvoke <org.apache.tomcat.util.ExceptionUtils: void handleThrowable(java.lang.Throwable)>(r8)	$r27 = new java.io.File	0
$r27 = new java.io.File	$r48 := @caughtexception	1
$r27 = new java.io.File	$r51 := @caughtexception	1
$r27 = new java.io.File	$r28 = r0.<org.apache.catalina.manager.ManagerServlet: java.io.File deployed>	1
$r28 = r0.<org.apache.catalina.manager.ManagerServlet: java.io.File deployed>	$r48 := @caughtexception	1
$r28 = r0.<org.apache.catalina.manager.ManagerServlet: java.io.File deployed>	$r51 := @caughtexception	1
$r28 = r0.<org.apache.catalina.manager.ManagerServlet: java.io.File deployed>	$r29 = new java.lang.StringBuilder	0
$r29 = new java.lang.StringBuilder	$r48 := @caughtexception	1
$r29 = new java.lang.StringBuilder	$r51 := @caughtexception	1
$r29 = new java.lang.StringBuilder	$r30 = staticinvoke <java.lang.String: java.lang.String valueOf(java.lang.Object)>(r5)	1
$r30 = staticinvoke <java.lang.String: java.lang.String valueOf(java.lang.Object)>(r5)	$r48 := @caughtexception	1
$r30 = staticinvoke <java.lang.String: java.lang.String valueOf(java.lang.Object)>(r5)	$r51 := @caughtexception	1
$r30 = staticinvoke <java.lang.String: java.lang.String valueOf(java.lang.Object)>(r5)	specialinvoke $r29.<java.lang.StringBuilder: void <init>(java.lang.String)>($r30)	1
specialinvoke $r29.<java.lang.StringBuilder: void <init>(java.lang.String)>($r30)	$r48 := @caughtexception	0
specialinvoke $r29.<java.lang.StringBuilder: void <init>(java.lang.String)>($r30)	$r51 := @caughtexception	0
specialinvoke $r29.<java.lang.StringBuilder: void <init>(java.lang.String)>($r30)	$r31 = virtualinvoke $r29.<java.lang.StringBuilder: java.lang.StringBuilder append(java.lang.String)>(".war")	0
$r31 = virtualinvoke $r29.<java.lang.StringBuilder: java.lang.StringBuilder append(java.lang.String)>(".war")	$r48 := @caughtexception	1
$r31 = virtualinvoke $r29.<java.lang.StringBuilder: java.lang.StringBuilder append(java.lang.String)>(".war")	$r51 := @caughtexception	1
$r31 = virtualinvoke $r29.<java.lang.StringBuilder: java.lang.StringBuilder append(java.lang.String)>(".war")	$r32 = virtualinvoke $r31.<java.lang.StringBuilder: java.lang.String toString()>()	1
$r32 = virtualinvoke $r31.<java.lang.StringBuilder: java.lang.String toString()>()	$r48 := @caughtexception	1
$r32 = virtualinvoke $r31.<java.lang.StringBuilder: java.lang.String toString()>()	$r51 := @caughtexception	1
$r32 = virtualinvoke $r31.<java.lang.StringBuilder: java.lang.String toString()>()	specialinvoke $r27.<java.io.File: void <init>(java.io.File,java.lang.String)>($r28, $r32)	1
specialinvoke $r27.<java.io.File: void <init>(java.io.File,java.lang.String)>($r28, $r32)	$r48 := @caughtexception	0
specialinvoke $r27.<java.io.File: void <init>(java.io.File,java.lang.String)>($r28, $r32)	$r51 := @caughtexception	0
specialinvoke $r27.<java.io.File: void <init>(java.io.File,java.lang.String)>($r28, $r32)	r33 = $r27	0
r33 = $r27	$r48 := @caughtexception	1
r33 = $r27	$r51 := @caughtexception	1
r33 = $r27	$r34 = new java.io.File	0
$r34 = new java.io.File	$r48 := @caughtexception	1
$r34 = new java.io.File	$r51 := @caughtexception	1
$r34 = new java.io.File	$r35 = r0.<org.apache.catalina.manager.ManagerServlet: java.io.File deployed>	1
$r35 = r0.<org.apache.catalina.manager.ManagerServlet: java.io.File deployed>	$r48 := @caughtexception	1
$r35 = r0.<org.apache.catalina.manager.ManagerServlet: java.io.File deployed>	$r51 := @caughtexception	1
$r35 = r0.<org.apache.catalina.manager.ManagerServlet: java.io.File deployed>	specialinvoke $r34.<java.io.File: void <init>(java.io.File,java.lang.String)>($r35, r5)	1
specialinvoke $r34.<java.io.File: void <init>(java.io.File,java.lang.String)>($r35, r5)	$r48 := @caughtexception	0
specialinvoke $r34.<java.io.File: void <init>(java.io.File,java.lang.String)>($r35, r5)	$r51 := @caughtexception	0
specialinvoke $r34.<java.io.File: void <init>(java.io.File,java.lang.String)>($r35, r5)	r9 = $r34	0
r9 = $r34	$r48 := @caughtexception	1
r9 = $r34	$r51 := @caughtexception	1
r9 = $r34	$r36 = new java.io.File	0
$r36 = new java.io.File	$r48 := @caughtexception	1
$r36 = new java.io.File	$r51 := @caughtexception	1
$r36 = new java.io.File	$r37 = r0.<org.apache.catalina.manager.ManagerServlet: java.io.File configBase>	1
$r37 = r0.<org.apache.catalina.manager.ManagerServlet: java.io.File configBase>	$r48 := @caughtexception	1
$r37 = r0.<org.apache.catalina.manager.ManagerServlet: java.io.File configBase>	$r51 := @caughtexception	1
$r37 = r0.<org.apache.catalina.manager.ManagerServlet: java.io.File configBase>	$r38 = new java.lang.StringBuilder	0
$r38 = new java.lang.StringBuilder	$r48 := @caughtexception	1
$r38 = new java.lang.StringBuilder	$r51 := @caughtexception	1
$r38 = new java.lang.StringBuilder	$r39 = staticinvoke <java.lang.String: java.lang.String valueOf(java.lang.Object)>(r5)	1
$r39 = staticinvoke <java.lang.String: java.lang.String valueOf(java.lang.Object)>(r5)	$r48 := @caughtexception	1
$r39 = staticinvoke <java.lang.String: java.lang.String valueOf(java.lang.Object)>(r5)	$r51 := @caughtexception	1
$r39 = staticinvoke <java.lang.String: java.lang.String valueOf(java.lang.Object)>(r5)	specialinvoke $r38.<java.lang.StringBuilder: void <init>(java.lang.String)>($r39)	1
specialinvoke $r38.<java.lang.StringBuilder: void <init>(java.lang.String)>($r39)	$r48 := @caughtexception	0
specialinvoke $r38.<java.lang.StringBuilder: void <init>(java.lang.String)>($r39)	$r51 := @caughtexception	0
specialinvoke $r38.<java.lang.StringBuilder: void <init>(java.lang.String)>($r39)	$r40 = virtualinvoke $r38.<java.lang.StringBuilder: java.lang.StringBuilder append(java.lang.String)>(".xml")	0
$r40 = virtualinvoke $r38.<java.lang.StringBuilder: java.lang.StringBuilder append(java.lang.String)>(".xml")	$r48 := @caughtexception	1
$r40 = virtualinvoke $r38.<java.lang.StringBuilder: java.lang.StringBuilder append(java.lang.String)>(".xml")	$r51 := @caughtexception	1
$r40 = virtualinvoke $r38.<java.lang.StringBuilder: java.lang.StringBuilder append(java.lang.String)>(".xml")	$r41 = virtualinvoke $r40.<java.lang.StringBuilder: java.lang.String toString()>()	1
$r41 = virtualinvoke $r40.<java.lang.StringBuilder: java.lang.String toString()>()	$r48 := @caughtexception	1
$r41 = virtualinvoke $r40.<java.lang.StringBuilder: java.lang.String toString()>()	$r51 := @caughtexception	1
$r41 = virtualinvoke $r40.<java.lang.StringBuilder: java.lang.String toString()>()	specialinvoke $r36.<java.io.File: void <init>(java.io.File,java.lang.String)>($r37, $r41)	1
specialinvoke $r36.<java.io.File: void <init>(java.io.File,java.lang.String)>($r37, $r41)	$r48 := @caughtexception	0
specialinvoke $r36.<java.io.File: void <init>(java.io.File,java.lang.String)>($r37, $r41)	$r51 := @caughtexception	0
specialinvoke $r36.<java.io.File: void <init>(java.io.File,java.lang.String)>($r37, $r41)	r10 = $r36	0
r10 = $r36	$r48 := @caughtexception	1
r10 = $r36	$r51 := @caughtexception	1
r10 = $r36	$z3 = virtualinvoke r33.<java.io.File: boolean exists()>()	1
$z3 = virtualinvoke r33.<java.io.File: boolean exists()>()	$r48 := @caughtexception	1
$z3 = virtualinvoke r33.<java.io.File: boolean exists()>()	$r51 := @caughtexception	1
$z3 = virtualinvoke r33.<java.io.File: boolean exists()>()	if $z3 == 0 goto $z5 = virtualinvoke r9.<java.io.File: boolean exists()>()	1
if $z3 == 0 goto $z5 = virtualinvoke r9.<java.io.File: boolean exists()>()	$z4 = virtualinvoke r33.<java.io.File: boolean delete()>()	0
if $z3 == 0 goto $z5 = virtualinvoke r9.<java.io.File: boolean exists()>()	$z5 = virtualinvoke r9.<java.io.File: boolean exists()>()	0
if $z3 == 0 goto $z5 = virtualinvoke r9.<java.io.File: boolean exists()>()	$r48 := @caughtexception	0
if $z3 == 0 goto $z5 = virtualinvoke r9.<java.io.File: boolean exists()>()	$r51 := @caughtexception	0
$z4 = virtualinvoke r33.<java.io.File: boolean delete()>()	$r48 := @caughtexception	1
$z4 = virtualinvoke r33.<java.io.File: boolean delete()>()	$r51 := @caughtexception	1
$z4 = virtualinvoke r33.<java.io.File: boolean delete()>()	if $z4 != 0 goto $z5 = virtualinvoke r9.<java.io.File: boolean exists()>()	1
if $z4 != 0 goto $z5 = virtualinvoke r9.<java.io.File: boolean exists()>()	$r42 = newarray (java.lang.Object)[1]	0
if $z4 != 0 goto $z5 = virtualinvoke r9.<java.io.File: boolean exists()>()	$z5 = virtualinvoke r9.<java.io.File: boolean exists()>()	0
if $z4 != 0 goto $z5 = virtualinvoke r9.<java.io.File: boolean exists()>()	$r48 := @caughtexception	0
if $z4 != 0 goto $z5 = virtualinvoke r9.<java.io.File: boolean exists()>()	$r51 := @caughtexception	0
$r42 = newarray (java.lang.Object)[1]	$r48 := @caughtexception	1
$r42 = newarray (java.lang.Object)[1]	$r51 := @caughtexception	1
$r42 = newarray (java.lang.Object)[1]	$r42[0] = r33	1
$r42[0] = r33	$r48 := @caughtexception	1
$r42[0] = r33	$r51 := @caughtexception	1
$r42[0] = r33	$r43 = virtualinvoke r3.<org.apache.tomcat.util.res.StringManager: java.lang.String getString(java.lang.String,java.lang.Object[])>("managerServlet.deleteFail", $r42)	1
$r43 = virtualinvoke r3.<org.apache.tomcat.util.res.StringManager: java.lang.String getString(java.lang.String,java.lang.Object[])>("managerServlet.deleteFail", $r42)	$r48 := @caughtexception	1
$r43 = virtualinvoke r3.<org.apache.tomcat.util.res.StringManager: java.lang.String getString(java.lang.String,java.lang.Object[])>("managerServlet.deleteFail", $r42)	$r51 := @caughtexception	1
$r43 = virtualinvoke r3.<org.apache.tomcat.util.res.StringManager: java.lang.String getString(java.lang.String,java.lang.Object[])>("managerServlet.deleteFail", $r42)	virtualinvoke r1.<java.io.PrintWriter: void println(java.lang.String)>($r43)	1
virtualinvoke r1.<java.io.PrintWriter: void println(java.lang.String)>($r43)	$r51 := @caughtexception	0
virtualinvoke r1.<java.io.PrintWriter: void println(java.lang.String)>($r43)	$r48 := @caughtexception	0
virtualinvoke r1.<java.io.PrintWriter: void println(java.lang.String)>($r43)	virtualinvoke r0.<org.apache.catalina.manager.ManagerServlet: void removeServiced(java.lang.String)>(r4)	0
virtualinvoke r0.<org.apache.catalina.manager.ManagerServlet: void removeServiced(java.lang.String)>(r4)	return	0
virtualinvoke r0.<org.apache.catalina.manager.ManagerServlet: void removeServiced(java.lang.String)>(r4)	$r51 := @caughtexception	0
$z5 = virtualinvoke r9.<java.io.File: boolean exists()>()	$r48 := @caughtexception	1
$z5 = virtualinvoke r9.<java.io.File: boolean exists()>()	$r51 := @caughtexception	1
$z5 = virtualinvoke r9.<java.io.File: boolean exists()>()	if $z5 == 0 goto $z7 = virtualinvoke r10.<java.io.File: boolean exists()>()	1
if $z5 == 0 goto $z7 = virtualinvoke r10.<java.io.File: boolean exists()>()	$z6 = virtualinvoke r0.<org.apache.catalina.manager.ManagerServlet: boolean undeployDir(java.io.File)>(r9)	0
if $z5 == 0 goto $z7 = virtualinvoke r10.<java.io.File: boolean exists()>()	$z7 = virtualinvoke r10.<java.io.File: boolean exists()>()	0
if $z5 == 0 goto $z7 = virtualinvoke r10.<java.io.File: boolean exists()>()	$r48 := @caughtexception	0
if $z5 == 0 goto $z7 = virtualinvoke r10.<java.io.File: boolean exists()>()	$r51 := @caughtexception	0
$z6 = virtualinvoke r0.<org.apache.catalina.manager.ManagerServlet: boolean undeployDir(java.io.File)>(r9)	$r48 := @caughtexception	1
$z6 = virtualinvoke r0.<org.apache.catalina.manager.ManagerServlet: boolean undeployDir(java.io.File)>(r9)	$r51 := @caughtexception	1
$z6 = virtualinvoke r0.<org.apache.catalina.manager.ManagerServlet: boolean undeployDir(java.io.File)>(r9)	if $z6 != 0 goto $z7 = virtualinvoke r10.<java.io.File: boolean exists()>()	1
if $z6 != 0 goto $z7 = virtualinvoke r10.<java.io.File: boolean exists()>()	$r44 = newarray (java.lang.Object)[1]	0
if $z6 != 0 goto $z7 = virtualinvoke r10.<java.io.File: boolean exists()>()	$z7 = virtualinvoke r10.<java.io.File: boolean exists()>()	0
if $z6 != 0 goto $z7 = virtualinvoke r10.<java.io.File: boolean exists()>()	$r48 := @caughtexception	0
if $z6 != 0 goto $z7 = virtualinvoke r10.<java.io.File: boolean exists()>()	$r51 := @caughtexception	0
$r44 = newarray (java.lang.Object)[1]	$r48 := @caughtexception	1
$r44 = newarray (java.lang.Object)[1]	$r51 := @caughtexception	1
$r44 = newarray (java.lang.Object)[1]	$r44[0] = r9	1
$r44[0] = r9	$r48 := @caughtexception	1
$r44[0] = r9	$r51 := @caughtexception	1
$r44[0] = r9	$r45 = virtualinvoke r3.<org.apache.tomcat.util.res.StringManager: java.lang.String getString(java.lang.String,java.lang.Object[])>("managerServlet.deleteFail", $r44)	1
$r45 = virtualinvoke r3.<org.apache.tomcat.util.res.StringManager: java.lang.String getString(java.lang.String,java.lang.Object[])>("managerServlet.deleteFail", $r44)	$r48 := @caughtexception	1
$r45 = virtualinvoke r3.<org.apache.tomcat.util.res.StringManager: java.lang.String getString(java.lang.String,java.lang.Object[])>("managerServlet.deleteFail", $r44)	$r51 := @caughtexception	1
$r45 = virtualinvoke r3.<org.apache.tomcat.util.res.StringManager: java.lang.String getString(java.lang.String,java.lang.Object[])>("managerServlet.deleteFail", $r44)	virtualinvoke r1.<java.io.PrintWriter: void println(java.lang.String)>($r45)	1
virtualinvoke r1.<java.io.PrintWriter: void println(java.lang.String)>($r45)	$r48 := @caughtexception	0
virtualinvoke r1.<java.io.PrintWriter: void println(java.lang.String)>($r45)	$r51 := @caughtexception	0
virtualinvoke r1.<java.io.PrintWriter: void println(java.lang.String)>($r45)	virtualinvoke r0.<org.apache.catalina.manager.ManagerServlet: void removeServiced(java.lang.String)>(r4)	0
virtualinvoke r0.<org.apache.catalina.manager.ManagerServlet: void removeServiced(java.lang.String)>(r4)	return	0
virtualinvoke r0.<org.apache.catalina.manager.ManagerServlet: void removeServiced(java.lang.String)>(r4)	$r51 := @caughtexception	0
$z7 = virtualinvoke r10.<java.io.File: boolean exists()>()	$r48 := @caughtexception	1
$z7 = virtualinvoke r10.<java.io.File: boolean exists()>()	$r51 := @caughtexception	1
$z7 = virtualinvoke r10.<java.io.File: boolean exists()>()	if $z7 == 0 goto virtualinvoke r0.<org.apache.catalina.manager.ManagerServlet: void check(java.lang.String)>(r4)	1
if $z7 == 0 goto virtualinvoke r0.<org.apache.catalina.manager.ManagerServlet: void check(java.lang.String)>(r4)	$z8 = virtualinvoke r10.<java.io.File: boolean delete()>()	0
if $z7 == 0 goto virtualinvoke r0.<org.apache.catalina.manager.ManagerServlet: void check(java.lang.String)>(r4)	virtualinvoke r0.<org.apache.catalina.manager.ManagerServlet: void check(java.lang.String)>(r4)	0
if $z7 == 0 goto virtualinvoke r0.<org.apache.catalina.manager.ManagerServlet: void check(java.lang.String)>(r4)	$r48 := @caughtexception	0
if $z7 == 0 goto virtualinvoke r0.<org.apache.catalina.manager.ManagerServlet: void check(java.lang.String)>(r4)	$r51 := @caughtexception	0
$z8 = virtualinvoke r10.<java.io.File: boolean delete()>()	$r48 := @caughtexception	1
$z8 = virtualinvoke r10.<java.io.File: boolean delete()>()	$r51 := @caughtexception	1
$z8 = virtualinvoke r10.<java.io.File: boolean delete()>()	if $z8 != 0 goto virtualinvoke r0.<org.apache.catalina.manager.ManagerServlet: void check(java.lang.String)>(r4)	1
if $z8 != 0 goto virtualinvoke r0.<org.apache.catalina.manager.ManagerServlet: void check(java.lang.String)>(r4)	$r46 = newarray (java.lang.Object)[1]	0
if $z8 != 0 goto virtualinvoke r0.<org.apache.catalina.manager.ManagerServlet: void check(java.lang.String)>(r4)	virtualinvoke r0.<org.apache.catalina.manager.ManagerServlet: void check(java.lang.String)>(r4)	0
if $z8 != 0 goto virtualinvoke r0.<org.apache.catalina.manager.ManagerServlet: void check(java.lang.String)>(r4)	$r48 := @caughtexception	0
if $z8 != 0 goto virtualinvoke r0.<org.apache.catalina.manager.ManagerServlet: void check(java.lang.String)>(r4)	$r51 := @caughtexception	0
$r46 = newarray (java.lang.Object)[1]	$r48 := @caughtexception	1
$r46 = newarray (java.lang.Object)[1]	$r51 := @caughtexception	1
$r46 = newarray (java.lang.Object)[1]	$r46[0] = r10	1
$r46[0] = r10	$r48 := @caughtexception	1
$r46[0] = r10	$r51 := @caughtexception	1
$r46[0] = r10	$r47 = virtualinvoke r3.<org.apache.tomcat.util.res.StringManager: java.lang.String getString(java.lang.String,java.lang.Object[])>("managerServlet.deleteFail", $r46)	1
$r47 = virtualinvoke r3.<org.apache.tomcat.util.res.StringManager: java.lang.String getString(java.lang.String,java.lang.Object[])>("managerServlet.deleteFail", $r46)	$r48 := @caughtexception	1
$r47 = virtualinvoke r3.<org.apache.tomcat.util.res.StringManager: java.lang.String getString(java.lang.String,java.lang.Object[])>("managerServlet.deleteFail", $r46)	$r51 := @caughtexception	1
$r47 = virtualinvoke r3.<org.apache.tomcat.util.res.StringManager: java.lang.String getString(java.lang.String,java.lang.Object[])>("managerServlet.deleteFail", $r46)	virtualinvoke r1.<java.io.PrintWriter: void println(java.lang.String)>($r47)	1
virtualinvoke r1.<java.io.PrintWriter: void println(java.lang.String)>($r47)	$r48 := @caughtexception	0
virtualinvoke r1.<java.io.PrintWriter: void println(java.lang.String)>($r47)	$r51 := @caughtexception	0
virtualinvoke r1.<java.io.PrintWriter: void println(java.lang.String)>($r47)	virtualinvoke r0.<org.apache.catalina.manager.ManagerServlet: void removeServiced(java.lang.String)>(r4)	0
virtualinvoke r0.<org.apache.catalina.manager.ManagerServlet: void removeServiced(java.lang.String)>(r4)	return	0
virtualinvoke r0.<org.apache.catalina.manager.ManagerServlet: void removeServiced(java.lang.String)>(r4)	$r51 := @caughtexception	0
virtualinvoke r0.<org.apache.catalina.manager.ManagerServlet: void check(java.lang.String)>(r4)	$r48 := @caughtexception	0
virtualinvoke r0.<org.apache.catalina.manager.ManagerServlet: void check(java.lang.String)>(r4)	$r51 := @caughtexception	0
virtualinvoke r0.<org.apache.catalina.manager.ManagerServlet: void check(java.lang.String)>(r4)	goto [?= virtualinvoke r0.<org.apache.catalina.manager.ManagerServlet: void removeServiced(java.lang.String)>(r4)]	0
goto [?= virtualinvoke r0.<org.apache.catalina.manager.ManagerServlet: void removeServiced(java.lang.String)>(r4)]	$r51 := @caughtexception	0
goto [?= virtualinvoke r0.<org.apache.catalina.manager.ManagerServlet: void removeServiced(java.lang.String)>(r4)]	$r48 := @caughtexception	0
goto [?= virtualinvoke r0.<org.apache.catalina.manager.ManagerServlet: void removeServiced(java.lang.String)>(r4)]	virtualinvoke r0.<org.apache.catalina.manager.ManagerServlet: void removeServiced(java.lang.String)>(r4)	0
$r48 := @caughtexception	r11 = $r48	0
$r48 := @caughtexception	$r51 := @caughtexception	0
r11 = $r48	virtualinvoke r0.<org.apache.catalina.manager.ManagerServlet: void removeServiced(java.lang.String)>(r4)	1
r11 = $r48	$r51 := @caughtexception	1
virtualinvoke r0.<org.apache.catalina.manager.ManagerServlet: void removeServiced(java.lang.String)>(r4)	throw r11	0
virtualinvoke r0.<org.apache.catalina.manager.ManagerServlet: void removeServiced(java.lang.String)>(r4)	$r51 := @caughtexception	0
throw r11	$r51 := @caughtexception	0
virtualinvoke r0.<org.apache.catalina.manager.ManagerServlet: void removeServiced(java.lang.String)>(r4)	$r49 = newarray (java.lang.Object)[1]	0
virtualinvoke r0.<org.apache.catalina.manager.ManagerServlet: void removeServiced(java.lang.String)>(r4)	$r51 := @caughtexception	0
$r49 = newarray (java.lang.Object)[1]	$r49[0] = r6	1
$r49 = newarray (java.lang.Object)[1]	$r51 := @caughtexception	1
$r49[0] = r6	$r50 = virtualinvoke r3.<org.apache.tomcat.util.res.StringManager: java.lang.String getString(java.lang.String,java.lang.Object[])>("managerServlet.undeployed", $r49)	1
$r49[0] = r6	$r51 := @caughtexception	1
$r50 = virtualinvoke r3.<org.apache.tomcat.util.res.StringManager: java.lang.String getString(java.lang.String,java.lang.Object[])>("managerServlet.undeployed", $r49)	virtualinvoke r1.<java.io.PrintWriter: void println(java.lang.String)>($r50)	1
$r50 = virtualinvoke r3.<org.apache.tomcat.util.res.StringManager: java.lang.String getString(java.lang.String,java.lang.Object[])>("managerServlet.undeployed", $r49)	$r51 := @caughtexception	1
virtualinvoke r1.<java.io.PrintWriter: void println(java.lang.String)>($r50)	goto [?= return]	0
virtualinvoke r1.<java.io.PrintWriter: void println(java.lang.String)>($r50)	$r51 := @caughtexception	0
goto [?= return]	return	0
$r51 := @caughtexception	r52 = $r51	0
r52 = $r51	staticinvoke <org.apache.tomcat.util.ExceptionUtils: void handleThrowable(java.lang.Throwable)>(r52)	1
staticinvoke <org.apache.tomcat.util.ExceptionUtils: void handleThrowable(java.lang.Throwable)>(r52)	$r53 = new java.lang.StringBuilder	0
$r53 = new java.lang.StringBuilder	specialinvoke $r53.<java.lang.StringBuilder: void <init>(java.lang.String)>("ManagerServlet.undeploy[")	1
specialinvoke $r53.<java.lang.StringBuilder: void <init>(java.lang.String)>("ManagerServlet.undeploy[")	$r54 = virtualinvoke $r53.<java.lang.StringBuilder: java.lang.StringBuilder append(java.lang.String)>(r6)	0
$r54 = virtualinvoke $r53.<java.lang.StringBuilder: java.lang.StringBuilder append(java.lang.String)>(r6)	$r55 = virtualinvoke $r54.<java.lang.StringBuilder: java.lang.StringBuilder append(java.lang.String)>("]")	1
$r55 = virtualinvoke $r54.<java.lang.StringBuilder: java.lang.StringBuilder append(java.lang.String)>("]")	$r56 = virtualinvoke $r55.<java.lang.StringBuilder: java.lang.String toString()>()	1
$r56 = virtualinvoke $r55.<java.lang.StringBuilder: java.lang.String toString()>()	virtualinvoke r0.<org.apache.catalina.manager.ManagerServlet: void log(java.lang.String,java.lang.Throwable)>($r56, r52)	1
virtualinvoke r0.<org.apache.catalina.manager.ManagerServlet: void log(java.lang.String,java.lang.Throwable)>($r56, r52)	$r57 = newarray (java.lang.Object)[1]	0
$r57 = newarray (java.lang.Object)[1]	$r58 = virtualinvoke r52.<java.lang.Throwable: java.lang.String toString()>()	1
$r58 = virtualinvoke r52.<java.lang.Throwable: java.lang.String toString()>()	$r57[0] = $r58	1
$r57[0] = $r58	$r59 = virtualinvoke r3.<org.apache.tomcat.util.res.StringManager: java.lang.String getString(java.lang.String,java.lang.Object[])>("managerServlet.exception", $r57)	1
$r59 = virtualinvoke r3.<org.apache.tomcat.util.res.StringManager: java.lang.String getString(java.lang.String,java.lang.Object[])>("managerServlet.exception", $r57)	virtualinvoke r1.<java.io.PrintWriter: void println(java.lang.String)>($r59)	1
virtualinvoke r1.<java.io.PrintWriter: void println(java.lang.String)>($r59)	return	0
